{
    "counter": {
        "ACTIVE": 16156,
        "INACTIVE": 4843,
        "INVALID": 1,
        "MALICIOUS": 0,
        "SANE": 0,
        "VALID": 0,
        "total": 21000
    },
    "percentage": {
        "ACTIVE": 76.93333333333334,
        "INACTIVE": 23.063003000142864,
        "INVALID": 0.008199409642505739,
        "MALICIOUS": 0,
        "SANE": 0,
        "VALID": 0,
        "total": 100.0045357431187
    }
}