{
    "counter": {
        "ACTIVE": 16805,
        "INACTIVE": 4194,
        "INVALID": 1,
        "MALICIOUS": 0,
        "SANE": 0,
        "VALID": 0,
        "total": 21000
    },
    "percentage": {
        "ACTIVE": 80.02380952380952,
        "INACTIVE": 19.972379637125577,
        "INVALID": 0.00821962847279303,
        "MALICIOUS": 0,
        "SANE": 0,
        "VALID": 0,
        "total": 100.00440878940789
    }
}