{
    "counter": {
        "ACTIVE": 18573,
        "INACTIVE": 2427,
        "INVALID": 0,
        "MALICIOUS": 0,
        "SANE": 0,
        "VALID": 0,
        "total": 21000
    },
    "percentage": {
        "ACTIVE": 88.44285714285714,
        "INACTIVE": 11.59025787965616,
        "INVALID": 0,
        "MALICIOUS": 0,
        "SANE": 0,
        "VALID": 0,
        "total": 100.0331150225133
    }
}