{
    "counter": {
        "ACTIVE": 19203,
        "INACTIVE": 1797,
        "INVALID": 0,
        "MALICIOUS": 0,
        "SANE": 0,
        "VALID": 0,
        "total": 21000
    },
    "percentage": {
        "ACTIVE": 91.44285714285714,
        "INACTIVE": 8.59685212648902,
        "INVALID": 0,
        "MALICIOUS": 0,
        "SANE": 0,
        "VALID": 0,
        "total": 100.03970926934616
    }
}