{
    "counter": {
        "ACTIVE": 18994,
        "INACTIVE": 2006,
        "INVALID": 0,
        "MALICIOUS": 0,
        "SANE": 0,
        "VALID": 0,
        "total": 21000
    },
    "percentage": {
        "ACTIVE": 90.44761904761904,
        "INACTIVE": 9.596708606420131,
        "INVALID": 0,
        "MALICIOUS": 0,
        "SANE": 0,
        "VALID": 0,
        "total": 100.04432765403918
    }
}