{
    "counter": {
        "ACTIVE": 17639,
        "INACTIVE": 3356,
        "INVALID": 5,
        "MALICIOUS": 0,
        "SANE": 0,
        "VALID": 0,
        "total": 21000
    },
    "percentage": {
        "ACTIVE": 83.9952380952381,
        "INACTIVE": 15.984758275779948,
        "INVALID": 0.0297000297000297,
        "MALICIOUS": 0,
        "SANE": 0,
        "VALID": 0,
        "total": 100.00969640071807
    }
}