{
    "counter": {
        "ACTIVE": 18383,
        "INACTIVE": 2617,
        "INVALID": 0,
        "MALICIOUS": 0,
        "SANE": 0,
        "VALID": 0,
        "total": 21000
    },
    "percentage": {
        "ACTIVE": 87.53809523809524,
        "INACTIVE": 12.497612225405922,
        "INVALID": 0,
        "MALICIOUS": 0,
        "SANE": 0,
        "VALID": 0,
        "total": 100.03570746350115
    }
}