{
    "counter": {
        "ACTIVE": 18720,
        "INACTIVE": 2280,
        "INVALID": 0,
        "MALICIOUS": 0,
        "SANE": 0,
        "VALID": 0,
        "total": 21000
    },
    "percentage": {
        "ACTIVE": 89.14285714285714,
        "INACTIVE": 10.888252148997134,
        "INVALID": 0,
        "MALICIOUS": 0,
        "SANE": 0,
        "VALID": 0,
        "total": 100.03110929185428
    }
}