{
    "counter": {
        "ACTIVE": 18817,
        "INACTIVE": 2183,
        "INVALID": 0,
        "MALICIOUS": 0,
        "SANE": 0,
        "VALID": 0,
        "total": 21000
    },
    "percentage": {
        "ACTIVE": 89.6047619047619,
        "INACTIVE": 10.435489268129452,
        "INVALID": 0,
        "MALICIOUS": 0,
        "SANE": 0,
        "VALID": 0,
        "total": 100.04025117289135
    }
}