{
    "counter": {
        "ACTIVE": 20053,
        "INACTIVE": 947,
        "INVALID": 0,
        "MALICIOUS": 0,
        "SANE": 0,
        "VALID": 0,
        "total": 21000
    },
    "percentage": {
        "ACTIVE": 95.49047619047619,
        "INACTIVE": 4.509738558978999,
        "INVALID": 0,
        "MALICIOUS": 0,
        "SANE": 0,
        "VALID": 0,
        "total": 100.00021474945518
    }
}